Name,Age,Salary,City
Alice,25.0,0.029629629629629617,1
Bob,69.25,0.0888888888888889,0
Charlie,30.0,1.0,1
David,22.0,0.0,2
